{
  "recover_pupil": true,
  "rmse_amp": 0.647409975528717,
  "rmse_phase": 1.9484885931015015
}