{
  "recover_pupil": false,
  "rmse_amp": 0.3551728427410126,
  "rmse_phase": 1.8505299091339111
}